{
    "initial_balance": 500000000,
    "balance": 442369748,
    "num_stocks": 10274,
    "portfolio_value": 442362744,
    "num_buy": 69,
    "num_sell": 66,
    "num_hold": 107,
    "ratio_hold": 0.040644245574170686,
    "profitloss": -0.11527451200000005,
    "avg_buy_price": 7165.11592369087
}